Metric,Phase 2,Phase 4,Improvement
Faithfulness,1.0,1.0,0.0
Answer Relevancy,0.7999254350644615,0.7894184548132869,-0.01050698025117458
Context Precision,0.862499999964375,0.8077777777324352,-0.05472222223193979
Context Recall,1.0,0.6,-0.4
